client_id,loan_type,loan_amount,repaid,loan_id,loan_start,loan_end,rate
39627,other,4222,0,10687,2001-09-03 00:00:00,2004-03-10 00:00:00,4.32
39627,home,9796,1,11826,2001-08-18 00:00:00,2004-01-06 00:00:00,0.2
39627,other,6474,0,10763,2001-04-09 00:00:00,2003-09-04 00:00:00,4.92
39627,credit,5054,0,11847,2000-06-06 00:00:00,2002-03-24 00:00:00,2.58
39627,credit,4254,1,11510,2008-02-29 00:00:00,2010-08-06 00:00:00,1.13
39627,cash,6291,1,11526,2005-08-08 00:00:00,2007-07-20 00:00:00,3.5
39627,other,10358,1,11254,2002-03-26 00:00:00,2004-10-31 00:00:00,0.75
39627,other,2078,1,11382,2004-11-10 00:00:00,2007-03-22 00:00:00,3.65
39627,credit,10173,0,11651,2014-11-12 00:00:00,2016-12-19 00:00:00,0.35
39627,other,10789,0,10413,2002-03-22 00:00:00,2004-08-26 00:00:00,3.41
39627,other,2987,0,11907,2003-08-25 00:00:00,2005-12-29 00:00:00,11.04
39627,other,13427,1,11711,2011-03-10 00:00:00,2013-11-11 00:00:00,4.04
39627,cash,3979,1,11692,2007-12-16 00:00:00,2010-07-31 00:00:00,3.44
39627,credit,7982,0,11914,2000-12-22 00:00:00,2002-10-14 00:00:00,3.32
39627,other,4425,0,11054,2009-04-29 00:00:00,2011-05-08 00:00:00,2.14
39627,home,10929,0,10598,2011-02-11 00:00:00,2012-08-14 00:00:00,2.55
39627,other,11743,1,11286,2012-06-18 00:00:00,2014-06-09 00:00:00,7.44
39627,other,9145,1,10389,2000-08-21 00:00:00,2003-01-04 00:00:00,3.25
39627,home,1973,1,10315,2011-04-17 00:00:00,2013-04-17 00:00:00,0.76
39627,home,5466,1,11636,2011-03-24 00:00:00,2013-04-04 00:00:00,1.84
29029,credit,5095,0,10661,2010-04-26 00:00:00,2012-08-08 00:00:00,2.91
29029,cash,11675,1,10850,2005-07-04 00:00:00,2007-05-20 00:00:00,0.52
29029,other,1213,0,11936,2001-09-17 00:00:00,2003-04-28 00:00:00,1.65
29029,other,12738,1,11209,2009-11-25 00:00:00,2011-06-09 00:00:00,3.97
29029,home,640,1,10540,2007-12-06 00:00:00,2010-04-23 00:00:00,4.48
29029,credit,7285,1,11662,2013-12-10 00:00:00,2016-02-12 00:00:00,0.45
29029,cash,7334,0,11189,2005-04-28 00:00:00,2007-06-01 00:00:00,0.53
29029,other,2418,1,10364,2008-03-16 00:00:00,2010-03-28 00:00:00,5.49
29029,cash,7412,0,10904,2006-09-03 00:00:00,2009-01-14 00:00:00,6.85
29029,other,2137,1,11809,2010-06-25 00:00:00,2012-06-19 00:00:00,2.84
29029,cash,13596,1,10551,2001-12-05 00:00:00,2003-08-02 00:00:00,4.42
29029,cash,7435,1,11465,2012-10-05 00:00:00,2014-07-31 00:00:00,2.12
29029,home,11518,0,10339,2001-11-07 00:00:00,2004-01-09 00:00:00,3.72
29029,home,14222,0,11242,2008-04-24 00:00:00,2010-12-19 00:00:00,0.53
29029,home,14617,1,10741,2011-11-25 00:00:00,2013-08-14 00:00:00,0.57
29029,other,12490,0,10568,2005-06-04 00:00:00,2007-05-07 00:00:00,5.99
29029,credit,2441,0,11682,2009-10-20 00:00:00,2011-12-31 00:00:00,6.66
29029,cash,7533,1,10500,2000-05-07 00:00:00,2002-08-03 00:00:00,4.47
29029,cash,7339,1,11762,2000-12-16 00:00:00,2002-05-07 00:00:00,1.55
29029,cash,4162,0,11830,2011-08-02 00:00:00,2013-06-28 00:00:00,3.24
25473,cash,12343,0,11638,2001-09-12 00:00:00,2003-02-19 00:00:00,3.66
25473,cash,12217,1,11962,2014-08-12 00:00:00,2016-11-02 00:00:00,5.34
25473,cash,3139,0,11108,2008-09-11 00:00:00,2011-03-04 00:00:00,3.07
25473,cash,6580,1,10156,2013-11-09 00:00:00,2016-06-01 00:00:00,2.55
25473,cash,13472,1,10474,2006-09-25 00:00:00,2008-08-12 00:00:00,0.71
25473,home,5956,1,10897,2013-07-22 00:00:00,2016-02-10 00:00:00,4.52
25473,credit,11912,0,11136,2001-01-25 00:00:00,2002-08-29 00:00:00,4.52
25473,credit,650,0,10373,2002-09-01 00:00:00,2005-01-24 00:00:00,5.89
25473,credit,4681,0,10430,2003-03-14 00:00:00,2004-11-02 00:00:00,2.59
25473,credit,6001,1,10384,2008-09-13 00:00:00,2010-05-01 00:00:00,3.24
25473,home,7008,0,10291,2014-11-17 00:00:00,2017-04-29 00:00:00,3.4
25473,home,1189,1,11231,2008-02-17 00:00:00,2009-07-12 00:00:00,0.81
25473,home,9470,0,11359,2013-04-09 00:00:00,2015-11-22 00:00:00,2.76
25473,cash,967,0,11637,2000-08-11 00:00:00,2002-03-17 00:00:00,2.03
25473,home,7254,1,11011,2011-12-20 00:00:00,2013-10-07 00:00:00,1.19
25473,home,10174,1,11780,2004-07-07 00:00:00,2006-08-17 00:00:00,8.79
25473,other,5437,0,10360,2000-05-28 00:00:00,2002-06-13 00:00:00,3.1
25473,cash,3798,1,10238,2000-03-28 00:00:00,2002-06-19 00:00:00,1.22
25473,home,11600,0,11236,2006-08-23 00:00:00,2009-05-01 00:00:00,3.96
25473,credit,4052,1,10608,2010-10-13 00:00:00,2013-02-16 00:00:00,2.62
40950,home,13666,0,10277,2012-01-20 00:00:00,2014-01-14 00:00:00,0.04
40950,cash,12310,0,11281,2008-05-24 00:00:00,2010-02-06 00:00:00,4.12
40950,home,8759,0,10601,2010-03-08 00:00:00,2012-03-25 00:00:00,1.02
40950,other,1210,0,10014,2009-06-10 00:00:00,2011-06-20 00:00:00,1.52
40950,cash,4426,0,10361,2008-04-28 00:00:00,2010-02-06 00:00:00,0.28
40950,cash,8408,1,10888,2005-10-05 00:00:00,2008-05-03 00:00:00,1.58
40950,credit,648,1,10737,2010-04-17 00:00:00,2011-10-04 00:00:00,3.58
40950,credit,4334,0,11683,2000-02-28 00:00:00,2002-05-28 00:00:00,4.88
40950,credit,3530,1,10875,2010-10-19 00:00:00,2013-03-08 00:00:00,3.32
40950,other,10739,1,11821,2009-10-09 00:00:00,2011-12-01 00:00:00,3.93
40950,credit,11119,0,11417,2007-01-10 00:00:00,2009-05-04 00:00:00,0.84
40950,cash,2994,0,10707,2000-01-22 00:00:00,2002-05-13 00:00:00,0.39
40950,credit,10333,0,10328,2005-07-14 00:00:00,2007-11-16 00:00:00,3.59
40950,cash,3637,1,10800,2001-08-13 00:00:00,2003-06-26 00:00:00,4.8
40950,credit,12117,0,11018,2002-01-29 00:00:00,2004-08-01 00:00:00,1.1
40950,other,11556,0,11748,2010-05-03 00:00:00,2012-11-15 00:00:00,4.14
40950,credit,13227,1,11475,2003-01-15 00:00:00,2005-07-29 00:00:00,0.1
40950,home,7618,1,10690,2009-11-24 00:00:00,2011-12-01 00:00:00,0.16
40950,home,3917,0,10942,2004-09-25 00:00:00,2006-08-04 00:00:00,7.22
28543,other,10365,1,10662,2014-06-25 00:00:00,2016-12-19 00:00:00,3.77
28543,home,1135,0,11564,2007-09-29 00:00:00,2010-05-28 00:00:00,5.15
28543,home,4281,0,10086,2003-07-20 00:00:00,2005-03-13 00:00:00,11.77
28543,home,7131,1,10083,2005-01-17 00:00:00,2007-04-24 00:00:00,6.53
28543,home,12975,1,10054,2005-02-25 00:00:00,2007-04-08 00:00:00,1.67
28543,cash,2649,1,11973,2014-09-03 00:00:00,2016-08-18 00:00:00,0.94
28543,other,8183,1,11275,2006-12-19 00:00:00,2009-06-12 00:00:00,2.26
28543,credit,8976,0,11249,2000-02-03 00:00:00,2002-03-15 00:00:00,5.31
28543,credit,11254,1,11415,2008-02-25 00:00:00,2010-10-21 00:00:00,2.63
28543,other,11056,0,10299,2001-05-06 00:00:00,2003-05-22 00:00:00,4.52
28543,cash,13039,0,10323,2012-07-01 00:00:00,2014-04-02 00:00:00,3.27
28543,home,9321,1,10923,2013-07-27 00:00:00,2015-05-09 00:00:00,0.15
28543,home,8522,0,10744,2008-09-04 00:00:00,2010-06-28 00:00:00,3.88
28543,credit,1003,1,11581,2006-07-28 00:00:00,2008-04-06 00:00:00,0.09
28543,credit,1138,0,11527,2010-12-27 00:00:00,2013-08-13 00:00:00,3.3
28543,cash,9519,1,11454,2012-02-13 00:00:00,2014-08-07 00:00:00,0.77
28543,home,13339,0,11261,2007-01-11 00:00:00,2009-02-26 00:00:00,1.38
28543,credit,3829,0,10935,2002-06-16 00:00:00,2004-09-09 00:00:00,9.37
28543,cash,8260,0,10994,2002-04-01 00:00:00,2004-04-19 00:00:00,3.67
47487,cash,4241,1,10475,2012-08-17 00:00:00,2014-06-25 00:00:00,2.76
47487,other,938,0,11868,2010-06-14 00:00:00,2012-01-03 00:00:00,2.08
47487,cash,12174,1,10386,2013-06-06 00:00:00,2015-02-19 00:00:00,4.14
47487,credit,11727,1,11956,2002-03-17 00:00:00,2004-03-14 00:00:00,2.68
47487,other,2155,1,11086,2000-10-12 00:00:00,2003-04-01 00:00:00,4.37
47487,home,9392,0,11354,2000-06-11 00:00:00,2003-01-18 00:00:00,3.51
47487,cash,8568,1,10772,2013-04-09 00:00:00,2014-11-12 00:00:00,4.31
47487,credit,2441,1,10097,2003-02-14 00:00:00,2005-05-14 00:00:00,6.94
47487,other,2447,1,11503,2001-12-11 00:00:00,2003-06-23 00:00:00,2.32
47487,credit,5090,0,11267,2014-05-19 00:00:00,2016-03-12 00:00:00,2.76
47487,credit,11007,0,11477,2010-05-11 00:00:00,2011-11-02 00:00:00,5.08
47487,cash,10081,1,10312,2009-08-02 00:00:00,2012-01-11 00:00:00,0.55
47487,other,13042,0,11541,2004-10-20 00:00:00,2006-09-21 00:00:00,6.61
47487,home,12517,0,11904,2014-03-10 00:00:00,2016-04-10 00:00:00,4.0
47487,other,9084,0,11100,2001-03-23 00:00:00,2002-09-29 00:00:00,3.9
47487,credit,2844,1,10866,2008-02-21 00:00:00,2009-12-11 00:00:00,5.39
47487,home,5487,1,11103,2004-03-11 00:00:00,2005-09-23 00:00:00,4.69
47687,credit,12299,1,11802,2011-12-06 00:00:00,2013-05-10 00:00:00,0.48
47687,cash,1471,0,10893,2004-10-03 00:00:00,2006-05-06 00:00:00,0.65
47687,home,3435,0,11461,2007-06-20 00:00:00,2009-10-12 00:00:00,8.43
47687,credit,13757,0,11352,2011-10-03 00:00:00,2013-03-01 00:00:00,3.51
47687,other,1821,1,11175,2002-08-22 00:00:00,2004-10-24 00:00:00,1.73
47687,other,9211,0,11546,2002-02-17 00:00:00,2003-07-24 00:00:00,1.77
47687,home,894,0,10710,2003-03-04 00:00:00,2005-07-14 00:00:00,2.51
47687,cash,2370,0,10647,2000-12-27 00:00:00,2002-11-21 00:00:00,2.39
47687,credit,685,0,11219,2014-09-06 00:00:00,2016-05-18 00:00:00,6.09
47687,home,1322,0,11295,2009-05-09 00:00:00,2011-08-15 00:00:00,0.85
47687,home,9496,0,10099,2001-02-11 00:00:00,2002-08-01 00:00:00,1.57
47687,home,10449,0,11835,2005-10-25 00:00:00,2007-08-28 00:00:00,5.23
47687,cash,9704,0,10541,2002-08-10 00:00:00,2004-05-20 00:00:00,5.17
47687,home,5253,0,10859,2009-09-23 00:00:00,2011-12-19 00:00:00,4.15
47687,credit,7717,0,10037,2014-06-14 00:00:00,2016-04-11 00:00:00,3.63
47687,credit,3115,0,10933,2004-10-23 00:00:00,2007-07-08 00:00:00,4.78
47687,credit,7187,1,10104,2000-02-14 00:00:00,2002-09-09 00:00:00,2.65
47687,credit,8539,0,11842,2005-09-05 00:00:00,2008-02-06 00:00:00,0.83
47687,other,7583,0,11641,2008-02-26 00:00:00,2010-04-30 00:00:00,1.7
32291,home,12423,1,11533,2008-02-22 00:00:00,2010-01-09 00:00:00,4.84
32291,cash,1619,1,11961,2014-10-08 00:00:00,2017-05-03 00:00:00,2.51
32291,cash,6739,1,10632,2000-11-19 00:00:00,2003-05-24 00:00:00,0.76
32291,home,2688,1,11621,2011-12-28 00:00:00,2013-05-13 00:00:00,1.41
32291,cash,6167,0,10797,2007-11-11 00:00:00,2010-04-11 00:00:00,2.97
32291,home,5715,1,11492,2003-07-15 00:00:00,2005-12-16 00:00:00,4.09
32291,credit,10440,0,10010,2005-08-08 00:00:00,2008-01-01 00:00:00,3.9
32291,other,12490,1,11394,2006-11-10 00:00:00,2009-02-12 00:00:00,1.49
32291,other,11268,0,10244,2007-12-02 00:00:00,2009-07-10 00:00:00,4.43
32291,home,9589,1,10706,2011-10-18 00:00:00,2013-04-01 00:00:00,5.56
32291,home,14454,1,10358,2013-03-19 00:00:00,2015-09-06 00:00:00,0.07
32291,home,1001,0,10082,2005-05-28 00:00:00,2007-05-26 00:00:00,3.46
32291,home,3904,1,11742,2013-02-13 00:00:00,2015-09-27 00:00:00,4.19
32291,cash,6856,1,10683,2005-02-15 00:00:00,2007-04-14 00:00:00,0.83
32291,cash,2657,1,10519,2009-12-05 00:00:00,2011-10-30 00:00:00,2.18
32291,home,11190,0,11165,2004-03-12 00:00:00,2006-03-24 00:00:00,2.55
32291,credit,11764,0,10024,2008-09-10 00:00:00,2010-05-24 00:00:00,5.06
32291,other,5966,0,11005,2001-07-18 00:00:00,2004-03-24 00:00:00,2.68
32291,other,11666,1,10506,2004-01-27 00:00:00,2005-09-11 00:00:00,2.63
35042,credit,5258,0,10512,2002-10-29 00:00:00,2005-03-15 00:00:00,3.24
35042,home,14750,1,11170,2013-03-26 00:00:00,2015-11-01 00:00:00,2.79
35042,cash,5293,0,11436,2006-04-13 00:00:00,2008-05-19 00:00:00,2.53
35042,cash,9010,0,11642,2012-02-23 00:00:00,2014-08-22 00:00:00,0.63
35042,cash,1130,1,10177,2006-02-01 00:00:00,2008-03-31 00:00:00,4.27
35042,home,4786,0,10975,2012-01-02 00:00:00,2014-05-06 00:00:00,1.31
35042,credit,8047,1,11945,2011-04-13 00:00:00,2013-10-17 00:00:00,1.68
35042,cash,13198,0,10316,2006-12-24 00:00:00,2009-02-13 00:00:00,2.63
35042,other,13204,0,11814,2003-10-24 00:00:00,2005-07-19 00:00:00,2.28
35042,home,7261,1,11765,2007-05-23 00:00:00,2008-11-28 00:00:00,3.37
35042,credit,5092,1,10421,2005-10-10 00:00:00,2007-09-27 00:00:00,3.5
35042,cash,8931,0,10479,2001-07-20 00:00:00,2003-01-12 00:00:00,1.38
35042,home,11162,0,11217,2011-08-15 00:00:00,2013-12-04 00:00:00,1.43
35042,home,5345,0,10388,2010-09-16 00:00:00,2013-06-07 00:00:00,2.7
35042,credit,5005,0,11537,2001-12-06 00:00:00,2003-05-01 00:00:00,5.71
35042,cash,6204,1,10382,2011-10-05 00:00:00,2014-04-16 00:00:00,3.91
35042,home,2290,1,10287,2010-02-04 00:00:00,2012-10-23 00:00:00,2.68
35042,credit,10534,0,11737,2004-07-18 00:00:00,2006-09-23 00:00:00,1.13
35042,credit,11315,1,11679,2003-08-08 00:00:00,2005-09-07 00:00:00,7.64
35042,home,8919,0,10495,2004-06-27 00:00:00,2007-01-21 00:00:00,0.46
34263,other,5416,1,11447,2000-02-25 00:00:00,2002-08-20 00:00:00,1.87
34263,credit,8978,1,11950,2008-06-03 00:00:00,2010-11-24 00:00:00,0.16
34263,home,8026,0,10838,2008-07-26 00:00:00,2010-03-04 00:00:00,2.31
34263,home,5276,0,10494,2004-02-07 00:00:00,2005-09-21 00:00:00,5.16
34263,home,14261,1,10190,2003-10-28 00:00:00,2005-07-21 00:00:00,6.26
34263,credit,3809,1,11312,2014-10-29 00:00:00,2016-11-13 00:00:00,0.13
34263,other,10942,1,11439,2000-04-25 00:00:00,2001-12-16 00:00:00,0.56
34263,credit,5433,1,10529,2013-03-17 00:00:00,2015-05-08 00:00:00,1.85
34263,other,6929,0,11645,2003-02-18 00:00:00,2004-08-14 00:00:00,1.53
34263,home,10888,0,10959,2010-12-25 00:00:00,2013-08-27 00:00:00,4.19
34263,home,6020,1,11453,2005-05-23 00:00:00,2007-05-14 00:00:00,5.47
34263,home,12483,0,10376,2003-09-01 00:00:00,2005-04-09 00:00:00,8.8
34263,other,12428,1,10268,2010-06-03 00:00:00,2012-01-28 00:00:00,10.71
34263,home,6585,0,10411,2001-02-04 00:00:00,2002-08-28 00:00:00,3.35
34263,home,4941,0,10569,2006-04-17 00:00:00,2008-08-04 00:00:00,1.78
34263,home,11893,0,11297,2005-09-12 00:00:00,2007-05-19 00:00:00,1.44
34263,cash,4573,0,11220,2005-05-04 00:00:00,2007-09-12 00:00:00,1.6
41806,other,9167,0,10930,2010-04-17 00:00:00,2012-05-08 00:00:00,3.81
41806,cash,13230,1,11271,2007-11-13 00:00:00,2009-07-14 00:00:00,6.62
41806,credit,6403,0,10276,2003-12-25 00:00:00,2005-10-02 00:00:00,3.2
41806,home,8867,1,10974,2012-08-13 00:00:00,2015-04-12 00:00:00,4.63
41806,home,2167,1,11144,2003-09-25 00:00:00,2005-04-23 00:00:00,4.56
41806,other,6535,0,10198,2007-02-25 00:00:00,2008-08-11 00:00:00,7.39
41806,home,10743,0,10776,2002-05-03 00:00:00,2003-10-29 00:00:00,4.27
41806,home,4875,0,11278,2009-04-11 00:00:00,2010-09-11 00:00:00,1.21
41806,home,6787,1,11960,2006-06-06 00:00:00,2008-04-11 00:00:00,0.11
41806,home,11034,0,10409,2011-01-11 00:00:00,2012-12-30 00:00:00,7.95
41806,home,10031,1,11508,2003-07-14 00:00:00,2005-09-16 00:00:00,4.67
41806,other,13202,0,11501,2000-02-15 00:00:00,2002-11-07 00:00:00,0.94
41806,cash,11932,1,11834,2011-05-15 00:00:00,2012-11-04 00:00:00,2.89
41806,other,10483,1,10047,2013-10-24 00:00:00,2016-02-16 00:00:00,3.03
41806,other,11977,0,10441,2004-10-02 00:00:00,2007-04-25 00:00:00,2.59
41806,home,9827,0,11718,2003-06-26 00:00:00,2005-06-08 00:00:00,3.51
41806,credit,3390,1,11701,2010-12-16 00:00:00,2013-03-31 00:00:00,4.9
41806,other,11941,0,11778,2004-04-11 00:00:00,2005-10-17 00:00:00,2.06
26053,credit,14960,0,10069,2007-11-08 00:00:00,2009-12-06 00:00:00,1.57
26053,credit,10211,0,10597,2002-04-11 00:00:00,2004-01-22 00:00:00,2.33
26053,credit,11536,1,10236,2011-05-28 00:00:00,2012-12-05 00:00:00,0.65
26053,other,14933,0,11459,2006-12-14 00:00:00,2009-05-05 00:00:00,1.69
26053,home,14969,0,11707,2006-01-04 00:00:00,2008-03-23 00:00:00,1.24
26053,other,14011,1,11007,2003-03-29 00:00:00,2005-04-24 00:00:00,7.08
26053,other,10421,1,10862,2010-07-13 00:00:00,2012-10-07 00:00:00,5.38
26053,other,11641,0,10286,2012-07-26 00:00:00,2013-12-21 00:00:00,0.57
26053,other,13339,0,11374,2001-11-01 00:00:00,2003-07-01 00:00:00,1.18
26053,cash,12618,1,11889,2001-04-28 00:00:00,2003-02-25 00:00:00,2.12
26053,cash,2516,0,11900,2009-09-24 00:00:00,2012-03-22 00:00:00,4.18
26053,cash,7285,1,10684,2013-06-28 00:00:00,2016-02-03 00:00:00,6.74
26053,cash,14883,1,11896,2010-02-06 00:00:00,2011-08-24 00:00:00,4.37
26053,other,10732,1,10984,2008-02-23 00:00:00,2010-01-17 00:00:00,3.51
26053,cash,4422,1,10696,2006-06-18 00:00:00,2008-03-24 00:00:00,3.86
26053,other,10188,1,11485,2002-10-26 00:00:00,2004-09-08 00:00:00,2.94
26053,other,11851,0,11195,2005-01-26 00:00:00,2007-06-23 00:00:00,2.34
26053,home,8710,0,10688,2000-12-16 00:00:00,2002-05-10 00:00:00,1.32
43049,cash,13719,1,10771,2002-04-12 00:00:00,2004-03-01 00:00:00,3.53
43049,cash,5252,0,10483,2000-04-09 00:00:00,2002-02-28 00:00:00,4.32
43049,credit,1210,0,11632,2003-01-16 00:00:00,2005-06-15 00:00:00,2.09
43049,other,12553,0,11560,2013-03-01 00:00:00,2014-08-11 00:00:00,3.69
43049,credit,542,1,11131,2014-12-16 00:00:00,2016-12-26 00:00:00,2.62
43049,home,6341,1,11650,2012-03-15 00:00:00,2013-08-19 00:00:00,1.76
43049,cash,4919,0,11494,2005-03-29 00:00:00,2006-10-11 00:00:00,1.39
43049,home,3535,1,10919,2006-10-18 00:00:00,2008-05-03 00:00:00,5.87
43049,credit,5918,1,11534,2006-03-24 00:00:00,2008-10-12 00:00:00,1.92
43049,other,4026,0,11488,2011-05-20 00:00:00,2013-05-13 00:00:00,1.6
43049,credit,7391,1,10653,2006-11-29 00:00:00,2009-01-28 00:00:00,1.01
43049,other,9999,1,10251,2013-07-13 00:00:00,2014-12-10 00:00:00,0.92
43049,home,8556,1,10129,2001-01-13 00:00:00,2003-03-28 00:00:00,0.47
43049,other,5980,1,10842,2011-08-25 00:00:00,2013-09-20 00:00:00,7.58
43049,home,6909,0,10181,2000-04-18 00:00:00,2002-01-02 00:00:00,2.83
43049,credit,893,1,11102,2001-12-13 00:00:00,2003-10-14 00:00:00,1.28
43049,credit,6803,0,10366,2006-09-21 00:00:00,2008-11-26 00:00:00,2.9
43302,home,8479,0,11841,2002-08-15 00:00:00,2005-05-04 00:00:00,6.98
43302,home,875,1,11301,2012-11-19 00:00:00,2015-01-31 00:00:00,1.31
43302,other,5681,0,10466,2001-11-27 00:00:00,2004-04-14 00:00:00,0.42
43302,other,9334,0,10297,2012-04-09 00:00:00,2014-08-09 00:00:00,0.38
43302,credit,11727,0,11010,2003-10-13 00:00:00,2006-02-26 00:00:00,1.27
43302,other,8746,1,11849,2006-11-26 00:00:00,2009-02-06 00:00:00,2.12
43302,cash,14108,1,10682,2013-08-04 00:00:00,2015-12-11 00:00:00,6.93
43302,credit,6020,1,10369,2010-05-23 00:00:00,2012-12-10 00:00:00,3.26
43302,cash,5464,0,11151,2000-01-25 00:00:00,2001-11-12 00:00:00,1.36
43302,credit,6884,0,10548,2013-01-05 00:00:00,2014-09-11 00:00:00,0.49
43302,other,2405,0,11099,2012-10-15 00:00:00,2014-11-21 00:00:00,4.62
43302,credit,1200,1,11419,2002-12-15 00:00:00,2005-03-17 00:00:00,1.41
43302,credit,1776,0,11579,2008-10-14 00:00:00,2011-02-13 00:00:00,3.3
43302,credit,10749,0,11135,2009-03-20 00:00:00,2010-10-22 00:00:00,4.82
43302,credit,11392,0,11839,2012-05-13 00:00:00,2013-12-21 00:00:00,0.8
43302,cash,6075,1,10905,2003-11-15 00:00:00,2005-12-27 00:00:00,1.18
28794,other,12381,0,10894,2012-01-12 00:00:00,2014-07-22 00:00:00,2.14
28794,home,7470,0,11901,2003-09-25 00:00:00,2005-05-16 00:00:00,3.37
28794,credit,1515,0,10880,2013-10-13 00:00:00,2016-01-01 00:00:00,0.33
28794,other,2913,0,10193,2008-03-26 00:00:00,2010-09-13 00:00:00,7.6
28794,other,2167,0,10221,2000-10-27 00:00:00,2002-03-12 00:00:00,2.79
28794,cash,2276,1,10639,2001-01-11 00:00:00,2002-12-30 00:00:00,7.35
28794,other,14470,0,11311,2001-11-17 00:00:00,2003-06-13 00:00:00,1.79
28794,cash,2529,1,11921,2011-07-16 00:00:00,2013-06-30 00:00:00,1.22
28794,credit,4119,0,10680,2012-08-16 00:00:00,2013-12-30 00:00:00,3.69
28794,home,12495,1,11866,2010-03-29 00:00:00,2011-12-23 00:00:00,0.66
28794,home,9917,0,11779,2010-08-08 00:00:00,2011-12-29 00:00:00,6.64
28794,home,5966,0,10697,2000-08-27 00:00:00,2002-07-30 00:00:00,2.02
28794,other,11401,0,11255,2003-12-10 00:00:00,2006-01-03 00:00:00,3.82
28794,credit,9287,0,10452,2009-09-02 00:00:00,2011-03-17 00:00:00,5.49
28794,cash,9389,0,11846,2008-03-20 00:00:00,2009-09-18 00:00:00,0.53
28794,other,6299,0,10878,2003-09-26 00:00:00,2005-06-02 00:00:00,7.01
28794,other,9605,1,10040,2002-10-13 00:00:00,2004-08-31 00:00:00,2.1
33274,other,3278,0,10011,2014-04-09 00:00:00,2016-03-01 00:00:00,5.76
33274,credit,8755,0,10546,2013-10-11 00:00:00,2015-10-23 00:00:00,8.19
33274,home,6849,1,10172,2006-12-10 00:00:00,2009-03-24 00:00:00,7.32
33274,cash,2211,1,11875,2011-03-11 00:00:00,2013-07-17 00:00:00,7.71
33274,credit,3323,1,10486,2013-11-19 00:00:00,2016-07-09 00:00:00,4.24
33274,credit,7560,1,10543,2006-08-09 00:00:00,2008-05-21 00:00:00,0.82
33274,home,5219,0,11736,2010-10-08 00:00:00,2012-04-06 00:00:00,0.84
33274,other,14804,0,11240,2011-08-26 00:00:00,2013-06-14 00:00:00,2.83
33274,cash,1499,0,11096,2002-05-13 00:00:00,2004-02-10 00:00:00,3.03
33274,home,5533,0,11227,2011-10-20 00:00:00,2013-07-02 00:00:00,3.55
33274,credit,8535,1,10769,2005-06-26 00:00:00,2006-12-06 00:00:00,8.61
33274,home,8220,0,11062,2008-04-06 00:00:00,2009-11-16 00:00:00,1.62
33274,home,8675,0,11444,2003-11-12 00:00:00,2005-07-30 00:00:00,2.66
33274,credit,1235,0,10870,2006-08-14 00:00:00,2008-08-31 00:00:00,0.52
33274,other,10861,1,10094,2000-12-25 00:00:00,2002-07-19 00:00:00,6.75
33274,credit,8398,1,10243,2005-03-19 00:00:00,2007-10-21 00:00:00,4.53
33274,cash,5924,0,11521,2004-02-11 00:00:00,2005-09-26 00:00:00,3.57
33274,other,6758,0,11157,2006-12-06 00:00:00,2008-12-13 00:00:00,1.34
25798,other,14763,1,10454,2007-05-03 00:00:00,2009-12-17 00:00:00,4.96
25798,cash,2266,1,10254,2003-12-29 00:00:00,2006-06-14 00:00:00,2.63
25798,other,7868,1,10398,2014-06-25 00:00:00,2017-03-09 00:00:00,2.51
25798,home,11121,0,10938,2008-08-16 00:00:00,2011-02-08 00:00:00,1.76
25798,credit,13296,0,11192,2003-03-14 00:00:00,2004-11-21 00:00:00,2.67
25798,credit,1274,0,10585,2007-01-05 00:00:00,2008-11-20 00:00:00,4.12
25798,cash,14285,0,10890,2002-09-27 00:00:00,2004-09-17 00:00:00,3.36
25798,credit,13714,0,10914,2014-02-19 00:00:00,2016-10-17 00:00:00,3.79
25798,cash,5209,0,10872,2005-07-28 00:00:00,2008-02-22 00:00:00,10.71
25798,cash,12873,0,11909,2005-07-15 00:00:00,2007-04-29 00:00:00,3.94
25798,other,9945,0,11627,2001-08-03 00:00:00,2003-11-29 00:00:00,0.02
25798,other,11561,0,11864,2005-07-28 00:00:00,2007-04-14 00:00:00,2.32
25798,cash,10361,0,10858,2001-07-13 00:00:00,2003-10-06 00:00:00,0.1
25798,home,6558,0,10481,2008-12-20 00:00:00,2011-07-13 00:00:00,3.77
25798,cash,7574,1,11919,2014-10-03 00:00:00,2016-07-04 00:00:00,2.09
25798,cash,11817,0,10811,2010-10-23 00:00:00,2012-11-20 00:00:00,4.31
25798,cash,13902,1,10443,2014-10-16 00:00:00,2017-07-05 00:00:00,3.4
44259,cash,2637,0,11320,2011-08-21 00:00:00,2013-09-04 00:00:00,11.77
44259,cash,8786,0,10941,2000-02-05 00:00:00,2002-07-27 00:00:00,1.28
44259,other,2035,0,11400,2009-07-13 00:00:00,2011-02-16 00:00:00,2.08
44259,credit,2595,0,11773,2009-02-15 00:00:00,2010-09-11 00:00:00,1.55
44259,credit,9799,1,10114,2013-12-07 00:00:00,2015-10-06 00:00:00,2.19
44259,cash,11209,0,10395,2004-03-09 00:00:00,2006-11-03 00:00:00,5.96
44259,other,6805,0,10499,2007-03-26 00:00:00,2009-09-01 00:00:00,4.03
44259,other,3822,0,11299,2000-06-04 00:00:00,2002-04-18 00:00:00,0.08
44259,cash,12519,1,10121,2012-01-25 00:00:00,2014-06-14 00:00:00,1.54
44259,other,1932,0,10365,2009-10-07 00:00:00,2011-06-15 00:00:00,4.64
44259,cash,11493,0,11443,2010-08-29 00:00:00,2012-08-08 00:00:00,6.15
44259,credit,7755,0,11344,2009-06-15 00:00:00,2011-02-09 00:00:00,6.07
44259,home,3110,1,11615,2013-08-16 00:00:00,2015-04-15 00:00:00,1.45
44259,other,13921,0,10534,2013-03-10 00:00:00,2015-04-06 00:00:00,3.91
44259,home,7453,0,11562,2013-06-01 00:00:00,2015-09-15 00:00:00,0.7
44259,credit,9772,0,10607,2006-05-09 00:00:00,2008-08-12 00:00:00,2.04
44259,credit,1192,1,10998,2007-05-03 00:00:00,2008-11-09 00:00:00,0.83
44843,other,7467,0,10648,2013-09-24 00:00:00,2016-02-24 00:00:00,2.04
44843,other,904,0,11832,2010-12-24 00:00:00,2012-11-03 00:00:00,3.31
44843,home,6304,0,11069,2000-04-12 00:00:00,2002-12-31 00:00:00,4.05
44843,credit,4813,0,10631,2000-04-19 00:00:00,2002-09-12 00:00:00,6.09
44843,home,4110,0,11109,2000-04-13 00:00:00,2002-07-20 00:00:00,0.65
44843,home,1488,0,10876,2011-11-18 00:00:00,2013-11-22 00:00:00,2.29
44843,home,2255,0,11478,2002-11-26 00:00:00,2005-03-10 00:00:00,4.31
44843,home,5230,1,11028,2008-11-25 00:00:00,2011-07-12 00:00:00,1.55
44843,home,7613,0,11030,2013-04-08 00:00:00,2015-02-26 00:00:00,3.38
44843,other,9363,0,10705,2008-12-20 00:00:00,2011-07-20 00:00:00,8.74
44843,cash,1942,1,10101,2008-10-26 00:00:00,2011-02-11 00:00:00,2.23
44843,home,5866,1,10531,2014-06-13 00:00:00,2016-01-20 00:00:00,1.68
44843,home,3559,1,11210,2003-12-25 00:00:00,2006-03-29 00:00:00,4.8
44843,home,1039,0,10521,2002-06-12 00:00:00,2004-12-26 00:00:00,2.45
44843,cash,9786,0,10922,2008-06-14 00:00:00,2010-05-27 00:00:00,0.5
38851,credit,4317,1,10468,2007-04-06 00:00:00,2009-08-10 00:00:00,2.02
38851,other,1333,1,10899,2013-01-28 00:00:00,2015-06-24 00:00:00,1.29
38851,other,9092,0,11845,2000-06-12 00:00:00,2002-11-21 00:00:00,1.57
38851,home,10655,1,11168,2005-12-13 00:00:00,2008-07-19 00:00:00,6.0
38851,cash,14057,1,10745,2005-03-11 00:00:00,2007-01-23 00:00:00,2.61
38851,other,869,1,10510,2007-07-12 00:00:00,2009-04-18 00:00:00,3.74
38851,other,12428,1,11774,2002-12-19 00:00:00,2005-05-04 00:00:00,0.37
38851,cash,13156,0,11116,2002-03-04 00:00:00,2003-12-06 00:00:00,1.8
38851,cash,7855,1,10289,2002-02-27 00:00:00,2004-05-07 00:00:00,5.34
38851,home,8315,1,10810,2008-04-23 00:00:00,2009-12-06 00:00:00,0.28
38851,credit,8571,1,10883,2013-01-19 00:00:00,2015-10-11 00:00:00,1.9
38851,credit,1555,0,11226,2009-04-04 00:00:00,2011-03-22 00:00:00,2.64
38851,cash,8959,1,11348,2008-08-06 00:00:00,2011-01-16 00:00:00,5.87
38851,credit,4173,0,11984,2012-01-04 00:00:00,2014-03-18 00:00:00,6.27
37403,cash,12697,1,11273,2010-06-19 00:00:00,2012-11-13 00:00:00,0.94
37403,credit,2370,1,11827,2007-04-08 00:00:00,2008-09-26 00:00:00,2.15
37403,cash,6224,0,11085,2001-11-12 00:00:00,2004-06-23 00:00:00,0.3
37403,home,13453,1,11746,2002-01-10 00:00:00,2003-11-22 00:00:00,0.24
37403,home,12568,1,11569,2009-05-15 00:00:00,2010-11-16 00:00:00,2.38
37403,other,5300,0,10868,2012-12-09 00:00:00,2015-05-06 00:00:00,1.5
37403,other,12348,0,10571,2007-04-10 00:00:00,2009-05-04 00:00:00,2.77
37403,cash,7710,0,10266,2004-04-04 00:00:00,2006-01-26 00:00:00,0.39
37403,other,8978,0,11325,2000-11-17 00:00:00,2002-04-07 00:00:00,2.3
37403,other,11262,0,10654,2004-11-07 00:00:00,2006-07-29 00:00:00,0.59
37403,home,4683,0,10795,2003-11-04 00:00:00,2006-05-27 00:00:00,4.06
37403,credit,2700,0,11114,2014-10-13 00:00:00,2016-05-31 00:00:00,5.36
37403,home,14126,0,10017,2006-09-19 00:00:00,2008-10-30 00:00:00,1.47
37403,cash,8884,1,11491,2002-12-06 00:00:00,2004-04-19 00:00:00,0.24
37403,home,3712,1,10380,2000-01-26 00:00:00,2001-10-20 00:00:00,4.41
37403,other,5309,0,11823,2007-08-17 00:00:00,2009-11-28 00:00:00,5.32
37403,other,13397,1,10107,2006-02-13 00:00:00,2008-04-27 00:00:00,0.95
37403,other,2594,0,10241,2004-11-17 00:00:00,2007-07-08 00:00:00,1.64
37403,other,4204,0,10041,2004-10-20 00:00:00,2007-03-20 00:00:00,0.68
48281,credit,13057,1,11423,2003-07-08 00:00:00,2005-08-17 00:00:00,1.15
48281,cash,8909,0,11355,2011-05-12 00:00:00,2013-11-01 00:00:00,0.89
48281,cash,5192,1,11377,2014-12-26 00:00:00,2017-08-21 00:00:00,1.63
48281,home,7793,0,11856,2003-08-19 00:00:00,2005-05-17 00:00:00,0.85
48281,cash,1074,0,11879,2005-07-08 00:00:00,2008-03-27 00:00:00,1.13
48281,other,8121,0,11595,2014-08-09 00:00:00,2016-06-04 00:00:00,2.94
48281,other,14793,0,10686,2009-11-23 00:00:00,2011-11-01 00:00:00,7.37
48281,cash,4203,0,11848,2011-05-21 00:00:00,2012-11-10 00:00:00,1.59
48281,home,12325,1,11363,2013-01-06 00:00:00,2014-06-12 00:00:00,3.87
48281,home,2940,0,10032,2011-06-19 00:00:00,2013-10-04 00:00:00,3.13
48281,cash,10760,0,11899,2006-12-18 00:00:00,2008-11-11 00:00:00,2.3
48281,credit,9691,1,10189,2008-03-05 00:00:00,2010-10-20 00:00:00,0.29
48281,credit,4185,1,10849,2012-11-15 00:00:00,2014-12-18 00:00:00,4.72
48281,credit,5480,0,10092,2010-10-18 00:00:00,2012-04-21 00:00:00,2.17
48281,other,4513,1,10602,2004-09-26 00:00:00,2006-04-14 00:00:00,5.23
37561,home,3114,0,11563,2013-07-25 00:00:00,2014-12-09 00:00:00,1.84
37561,home,7946,1,10918,2007-03-03 00:00:00,2009-08-10 00:00:00,3.93
37561,other,7373,0,11685,2002-10-26 00:00:00,2004-08-04 00:00:00,1.05
37561,home,10848,0,11410,2012-06-20 00:00:00,2014-12-07 00:00:00,1.52
37561,home,843,1,11046,2012-06-23 00:00:00,2014-09-14 00:00:00,5.02
37561,other,10486,1,10886,2010-04-05 00:00:00,2011-11-06 00:00:00,1.65
37561,home,9494,1,10767,2008-10-28 00:00:00,2010-06-12 00:00:00,0.05
37561,credit,9602,0,11957,2005-05-04 00:00:00,2007-09-29 00:00:00,1.31
37561,home,2146,1,10630,2011-05-05 00:00:00,2012-10-26 00:00:00,5.12
37561,credit,2460,1,10275,2013-09-13 00:00:00,2016-02-22 00:00:00,4.37
37561,home,5846,1,10953,2003-10-01 00:00:00,2005-02-25 00:00:00,0.92
37561,home,8920,0,10533,2010-11-19 00:00:00,2013-01-08 00:00:00,1.0
37561,home,8661,0,10860,2012-06-23 00:00:00,2014-10-03 00:00:00,1.76
37561,cash,13857,1,10113,2001-08-13 00:00:00,2003-10-28 00:00:00,2.3
37561,home,3023,0,11480,2003-05-07 00:00:00,2005-07-13 00:00:00,1.99
37561,credit,13673,1,11002,2003-11-21 00:00:00,2005-10-19 00:00:00,2.91
37561,credit,12155,1,10406,2009-05-06 00:00:00,2010-10-17 00:00:00,0.73
39808,home,5122,1,10158,2014-01-19 00:00:00,2015-07-15 00:00:00,1.29
39808,home,5283,1,11953,2005-07-20 00:00:00,2007-04-09 00:00:00,5.7
39808,other,3494,0,11186,2014-12-20 00:00:00,2017-06-21 00:00:00,9.18
39808,home,10563,1,10252,2006-06-29 00:00:00,2008-08-03 00:00:00,0.51
39808,home,14334,1,10139,2000-04-09 00:00:00,2002-03-01 00:00:00,2.88
39808,other,4776,0,10445,2008-03-28 00:00:00,2009-10-31 00:00:00,0.07
39808,credit,14437,0,10022,2000-07-01 00:00:00,2002-02-22 00:00:00,1.2
39808,home,13417,0,10448,2014-08-06 00:00:00,2016-07-08 00:00:00,5.22
39808,home,14071,0,11764,2004-04-21 00:00:00,2006-02-28 00:00:00,3.71
39808,other,5176,0,11376,2011-09-26 00:00:00,2014-01-23 00:00:00,8.7
39808,other,888,0,10845,2005-09-10 00:00:00,2007-09-14 00:00:00,2.83
39808,credit,7132,0,11390,2012-09-20 00:00:00,2014-12-11 00:00:00,4.56
39808,credit,10768,0,10045,2012-01-14 00:00:00,2013-09-18 00:00:00,3.38
39808,credit,7963,0,10590,2007-11-01 00:00:00,2009-12-16 00:00:00,0.11
39808,credit,13409,1,11346,2001-05-07 00:00:00,2003-08-02 00:00:00,6.82
39808,credit,1708,1,10908,2011-03-12 00:00:00,2013-06-11 00:00:00,1.95
39808,cash,12025,1,11870,2003-02-12 00:00:00,2005-02-07 00:00:00,2.64
39808,credit,10810,1,11098,2007-12-27 00:00:00,2010-07-23 00:00:00,0.5
39808,credit,11058,1,10954,2007-12-04 00:00:00,2009-07-14 00:00:00,3.73
46342,home,11635,0,11225,2003-10-14 00:00:00,2005-10-31 00:00:00,2.78
46342,credit,10916,1,10488,2011-12-20 00:00:00,2014-04-04 00:00:00,5.34
46342,credit,6894,1,11130,2007-10-06 00:00:00,2010-04-10 00:00:00,1.81
46342,cash,8685,1,10335,2001-05-24 00:00:00,2003-06-28 00:00:00,2.6
46342,other,1041,1,11917,2012-06-16 00:00:00,2014-06-10 00:00:00,1.46
46342,cash,11251,1,10655,2010-04-15 00:00:00,2012-10-14 00:00:00,8.51
46342,home,6464,0,10882,2000-02-04 00:00:00,2001-06-28 00:00:00,1.33
46342,cash,14340,0,10731,2002-12-13 00:00:00,2005-01-14 00:00:00,2.91
46342,home,782,1,11963,2001-07-06 00:00:00,2003-02-28 00:00:00,3.08
46342,home,11051,0,10424,2010-07-05 00:00:00,2012-03-13 00:00:00,1.49
46342,credit,2707,1,11484,2001-08-04 00:00:00,2003-02-16 00:00:00,2.53
46342,credit,1632,0,10351,2004-04-03 00:00:00,2005-10-08 00:00:00,1.07
46342,other,8052,0,10766,2005-09-20 00:00:00,2007-06-18 00:00:00,0.76
46342,cash,4578,1,11586,2014-09-25 00:00:00,2016-06-25 00:00:00,3.23
46342,cash,4824,1,10404,2004-08-01 00:00:00,2006-12-09 00:00:00,2.38
46342,other,10908,1,11706,2010-02-02 00:00:00,2012-06-07 00:00:00,0.83
